measure_id,measure_name,location_id,location_name,sex_id,sex_name,age_id,age_name,cause_id,cause_name,metric_id,metric_name,year,val,upper,lower
1,Deaths,196,South Africa,1,Male,24,15-49 years,298,HIV/AIDS,3,Rate,1990,7.176139771,13.03619677,4.147686043
1,Deaths,196,South Africa,2,Female,24,15-49 years,298,HIV/AIDS,3,Rate,1990,10.41179574,18.7199435,6.288958619
1,Deaths,196,South Africa,3,Both,24,15-49 years,298,HIV/AIDS,3,Rate,1990,8.843534049,15.77205179,5.247546351
1,Deaths,196,South Africa,1,Male,24,15-49 years,298,HIV/AIDS,3,Rate,1991,12.9111426,23.0680175,7.580839202
1,Deaths,196,South Africa,2,Female,24,15-49 years,298,HIV/AIDS,3,Rate,1991,18.78180179,32.93801487,11.51887196
1,Deaths,196,South Africa,3,Both,24,15-49 years,298,HIV/AIDS,3,Rate,1991,15.93674564,28.17079174,9.578739834
1,Deaths,196,South Africa,1,Male,24,15-49 years,298,HIV/AIDS,3,Rate,1992,22.69378978,40.27970147,13.59938526
1,Deaths,196,South Africa,2,Female,24,15-49 years,298,HIV/AIDS,3,Rate,1992,32.70854673,56.66278639,20.16007952
1,Deaths,196,South Africa,3,Both,24,15-49 years,298,HIV/AIDS,3,Rate,1992,27.8566685,47.90525942,16.8209209
1,Deaths,196,South Africa,1,Male,24,15-49 years,298,HIV/AIDS,3,Rate,1993,38.2937333,66.4248853,23.16362018
1,Deaths,196,South Africa,2,Female,24,15-49 years,298,HIV/AIDS,3,Rate,1993,54.83924069,93.23689921,33.80306669
1,Deaths,196,South Africa,3,Both,24,15-49 years,298,HIV/AIDS,3,Rate,1993,46.82635846,79.53726202,28.72010517
1,Deaths,196,South Africa,1,Male,24,15-49 years,298,HIV/AIDS,3,Rate,1994,61.95013531,106.7229078,37.91330034
1,Deaths,196,South Africa,2,Female,24,15-49 years,298,HIV/AIDS,3,Rate,1994,88.07945829,148.6580837,54.26404537
1,Deaths,196,South Africa,3,Both,24,15-49 years,298,HIV/AIDS,3,Rate,1994,75.43133542,126.8239075,46.62287104
1,Deaths,196,South Africa,1,Male,24,15-49 years,298,HIV/AIDS,3,Rate,1995,95.75116343,162.7544259,59.01250695
1,Deaths,196,South Africa,2,Female,24,15-49 years,298,HIV/AIDS,3,Rate,1995,135.0105963,224.1504916,83.7605493
1,Deaths,196,South Africa,3,Both,24,15-49 years,298,HIV/AIDS,3,Rate,1995,116.0200615,190.8314931,71.95846165
1,Deaths,196,South Africa,1,Male,24,15-49 years,298,HIV/AIDS,3,Rate,1997,197.5120142,325.2598935,123.8598264
1,Deaths,196,South Africa,2,Female,24,15-49 years,298,HIV/AIDS,3,Rate,1997,274.0606812,436.5309795,171.1325368
1,Deaths,196,South Africa,3,Both,24,15-49 years,298,HIV/AIDS,3,Rate,1997,237.0714936,380.1729743,148.4561883
1,Deaths,196,South Africa,1,Male,24,15-49 years,298,HIV/AIDS,3,Rate,1998,263.4388622,426.3592456,165.5898716
1,Deaths,196,South Africa,2,Female,24,15-49 years,298,HIV/AIDS,3,Rate,1998,365.0015117,570.0187014,225.9636351
1,Deaths,196,South Africa,3,Both,24,15-49 years,298,HIV/AIDS,3,Rate,1998,315.9736965,496.9476181,198.5222378
1,Deaths,196,South Africa,1,Male,24,15-49 years,298,HIV/AIDS,3,Rate,1996,140.9792381,236.8918894,87.40148563
1,Deaths,196,South Africa,2,Female,24,15-49 years,298,HIV/AIDS,3,Rate,1996,196.6441108,318.728969,122.9113585
1,Deaths,196,South Africa,3,Both,24,15-49 years,298,HIV/AIDS,3,Rate,1996,169.7280616,276.0075494,106.3308545
1,Deaths,196,South Africa,1,Male,24,15-49 years,298,HIV/AIDS,3,Rate,1999,335.5293258,534.4758846,213.8497097
1,Deaths,196,South Africa,2,Female,24,15-49 years,298,HIV/AIDS,3,Rate,1999,466.0301743,714.3185076,288.9578433
1,Deaths,196,South Africa,3,Both,24,15-49 years,298,HIV/AIDS,3,Rate,1999,403.1039522,620.3633654,254.7976128
1,Deaths,196,South Africa,1,Male,24,15-49 years,298,HIV/AIDS,3,Rate,2000,410.0255723,638.9768201,264.8069892
1,Deaths,196,South Africa,2,Female,24,15-49 years,298,HIV/AIDS,3,Rate,2000,572.22303,859.4978304,359.1775276
1,Deaths,196,South Africa,3,Both,24,15-49 years,298,HIV/AIDS,3,Rate,2000,494.0901997,745.0650184,312.9320148
1,Deaths,196,South Africa,1,Male,24,15-49 years,298,HIV/AIDS,3,Rate,2001,481.3261037,733.6556283,313.531055
1,Deaths,196,South Africa,2,Female,24,15-49 years,298,HIV/AIDS,3,Rate,2001,675.1878383,995.432103,426.4881168
1,Deaths,196,South Africa,3,Both,24,15-49 years,298,HIV/AIDS,3,Rate,2001,581.7799851,859.9486794,370.7411547
1,Deaths,196,South Africa,1,Male,24,15-49 years,298,HIV/AIDS,3,Rate,2002,544.8673284,818.4072128,359.5120349
1,Deaths,196,South Africa,2,Female,24,15-49 years,298,HIV/AIDS,3,Rate,2002,771.6465046,1115.765464,493.1242624
1,Deaths,196,South Africa,3,Both,24,15-49 years,298,HIV/AIDS,3,Rate,2002,662.2680264,964.4342659,426.6762192
1,Deaths,196,South Africa,1,Male,24,15-49 years,298,HIV/AIDS,3,Rate,2003,599.2171799,885.9461124,398.733176
1,Deaths,196,South Africa,2,Female,24,15-49 years,298,HIV/AIDS,3,Rate,2003,858.7943701,1214.292264,556.575745
1,Deaths,196,South Africa,3,Both,24,15-49 years,298,HIV/AIDS,3,Rate,2003,733.3868329,1041.58167,482.1100949
1,Deaths,196,South Africa,1,Male,24,15-49 years,298,HIV/AIDS,3,Rate,2004,640.2127712,929.3977702,430.7883198
1,Deaths,196,South Africa,2,Female,24,15-49 years,298,HIV/AIDS,3,Rate,2004,929.9674401,1290.942459,614.9864619
1,Deaths,196,South Africa,3,Both,24,15-49 years,298,HIV/AIDS,3,Rate,2004,789.6664849,1101.17236,531.8823729
1,Deaths,196,South Africa,1,Male,24,15-49 years,298,HIV/AIDS,3,Rate,2005,664.2746274,951.2182879,454.5935457
1,Deaths,196,South Africa,2,Female,24,15-49 years,298,HIV/AIDS,3,Rate,2005,972.6974276,1323.621281,660.9785525
1,Deaths,196,South Africa,3,Both,24,15-49 years,298,HIV/AIDS,3,Rate,2005,822.9619076,1126.631361,566.4029081
1,Deaths,196,South Africa,1,Male,24,15-49 years,298,HIV/AIDS,3,Rate,2006,669.62931,949.2357921,465.3721303
1,Deaths,196,South Africa,2,Female,24,15-49 years,298,HIV/AIDS,3,Rate,2006,981.0472886,1308.52851,685.5901475
1,Deaths,196,South Africa,3,Both,24,15-49 years,298,HIV/AIDS,3,Rate,2006,829.4270465,1112.262149,585.9551771
1,Deaths,196,South Africa,1,Male,24,15-49 years,298,HIV/AIDS,3,Rate,2007,653.5743671,923.4993333,463.0411983
1,Deaths,196,South Africa,2,Female,24,15-49 years,298,HIV/AIDS,3,Rate,2007,948.4627417,1244.817458,684.2766162
1,Deaths,196,South Africa,3,Both,24,15-49 years,298,HIV/AIDS,3,Rate,2007,804.4775244,1063.84377,584.7257624
1,Deaths,196,South Africa,1,Male,24,15-49 years,298,HIV/AIDS,3,Rate,2009,579.0467075,814.1435589,426.2845587
1,Deaths,196,South Africa,2,Female,24,15-49 years,298,HIV/AIDS,3,Rate,2009,812.324234,1061.397852,631.536002
1,Deaths,196,South Africa,3,Both,24,15-49 years,298,HIV/AIDS,3,Rate,2009,697.7747533,914.4332626,543.2069668
1,Deaths,196,South Africa,1,Male,24,15-49 years,298,HIV/AIDS,3,Rate,2008,620.6323485,871.5959275,448.420699
1,Deaths,196,South Africa,2,Female,24,15-49 years,298,HIV/AIDS,3,Rate,2008,887.0031948,1154.799619,668.2631546
1,Deaths,196,South Africa,3,Both,24,15-49 years,298,HIV/AIDS,3,Rate,2008,756.5723673,990.1135644,568.729845
1,Deaths,196,South Africa,1,Male,24,15-49 years,298,HIV/AIDS,3,Rate,2011,489.9044299,694.4769089,365.6259453
1,Deaths,196,South Africa,2,Female,24,15-49 years,298,HIV/AIDS,3,Rate,2011,655.3621963,865.4551302,518.6313527
1,Deaths,196,South Africa,3,Both,24,15-49 years,298,HIV/AIDS,3,Rate,2011,573.6464914,755.5900715,461.1900245
1,Deaths,196,South Africa,1,Male,24,15-49 years,298,HIV/AIDS,3,Rate,2010,537.2296112,759.8529939,399.7304755
1,Deaths,196,South Africa,2,Female,24,15-49 years,298,HIV/AIDS,3,Rate,2010,741.4262822,971.0609098,584.6572396
1,Deaths,196,South Africa,3,Both,24,15-49 years,298,HIV/AIDS,3,Rate,2010,640.8698267,846.1957976,503.914234
1,Deaths,196,South Africa,1,Male,24,15-49 years,298,HIV/AIDS,3,Rate,2012,438.4103394,623.9630881,324.4146368
1,Deaths,196,South Africa,2,Female,24,15-49 years,298,HIV/AIDS,3,Rate,2012,560.6584282,742.1426351,441.7915469
1,Deaths,196,South Africa,3,Both,24,15-49 years,298,HIV/AIDS,3,Rate,2012,500.1094195,660.6199551,404.4853199
1,Deaths,196,South Africa,1,Male,24,15-49 years,298,HIV/AIDS,3,Rate,2013,396.792971,573.9669642,291.4730328
1,Deaths,196,South Africa,2,Female,24,15-49 years,298,HIV/AIDS,3,Rate,2013,496.6851059,671.9246009,384.375655
1,Deaths,196,South Africa,3,Both,24,15-49 years,298,HIV/AIDS,3,Rate,2013,447.0716582,601.8790675,360.3207379
1,Deaths,196,South Africa,1,Male,24,15-49 years,298,HIV/AIDS,3,Rate,2014,373.0317186,550.8644166,269.7308153
1,Deaths,196,South Africa,2,Female,24,15-49 years,298,HIV/AIDS,3,Rate,2014,467.2868176,645.3000987,352.8501416
1,Deaths,196,South Africa,3,Both,24,15-49 years,298,HIV/AIDS,3,Rate,2014,420.3481539,575.6581666,330.1360208
1,Deaths,196,South Africa,1,Male,24,15-49 years,298,HIV/AIDS,3,Rate,2015,372.5485649,560.3541206,263.9067191
1,Deaths,196,South Africa,2,Female,24,15-49 years,298,HIV/AIDS,3,Rate,2015,460.1267906,642.2840983,344.572157
1,Deaths,196,South Africa,3,Both,24,15-49 years,298,HIV/AIDS,3,Rate,2015,416.403659,579.4537661,320.0699694
1,Deaths,196,South Africa,1,Male,24,15-49 years,298,HIV/AIDS,3,Rate,2016,390.9537641,594.9353684,271.3905485
1,Deaths,196,South Africa,2,Female,24,15-49 years,298,HIV/AIDS,3,Rate,2016,463.3376336,650.1424126,344.121914
1,Deaths,196,South Africa,3,Both,24,15-49 years,298,HIV/AIDS,3,Rate,2016,427.1181972,593.6057231,324.0014748
1,Deaths,196,South Africa,1,Male,24,15-49 years,298,HIV/AIDS,3,Rate,2017,385.7308821,574.1681824,269.3592425
1,Deaths,196,South Africa,2,Female,24,15-49 years,298,HIV/AIDS,3,Rate,2017,441.4087681,608.4108099,332.2611427
1,Deaths,196,South Africa,3,Both,24,15-49 years,298,HIV/AIDS,3,Rate,2017,413.4949546,563.2337383,315.8043456
1,Deaths,196,South Africa,1,Male,24,15-49 years,298,HIV/AIDS,3,Rate,2018,338.4195064,491.4832912,244.137451
1,Deaths,196,South Africa,2,Female,24,15-49 years,298,HIV/AIDS,3,Rate,2018,390.3448542,523.5060996,300.0806821
1,Deaths,196,South Africa,3,Both,24,15-49 years,298,HIV/AIDS,3,Rate,2018,364.2710148,487.2144898,286.0191446
1,Deaths,196,South Africa,1,Male,24,15-49 years,298,HIV/AIDS,3,Rate,2019,307.3846748,443.9707406,224.0687852
1,Deaths,196,South Africa,2,Female,24,15-49 years,298,HIV/AIDS,3,Rate,2019,361.7446332,482.0188856,279.1875347
1,Deaths,196,South Africa,3,Both,24,15-49 years,298,HIV/AIDS,3,Rate,2019,334.4122494,447.0421976,262.2596955
