measure_id,measure_name,location_id,location_name,sex_id,sex_name,age_id,age_name,cause_id,cause_name,metric_id,metric_name,year,val,upper,lower
1,Deaths,196,South Africa,1,Male,24,15-49 years,294,All causes,3,Rate,1990,630.7644975,664.5813608,596.7013237
1,Deaths,196,South Africa,2,Female,24,15-49 years,294,All causes,3,Rate,1990,371.4552242,395.9024765,347.7166322
1,Deaths,196,South Africa,3,Both,24,15-49 years,294,All causes,3,Rate,1990,497.1375599,517.1435558,475.7107541
1,Deaths,196,South Africa,1,Male,24,15-49 years,294,All causes,3,Rate,1991,642.5629634,673.8097682,610.0366332
1,Deaths,196,South Africa,2,Female,24,15-49 years,294,All causes,3,Rate,1991,360.0976381,384.6216667,334.586257
1,Deaths,196,South Africa,3,Both,24,15-49 years,294,All causes,3,Rate,1991,496.9868159,518.4258379,475.0542576
1,Deaths,196,South Africa,1,Male,24,15-49 years,294,All causes,3,Rate,1992,671.9591348,705.9203143,641.1040763
1,Deaths,196,South Africa,2,Female,24,15-49 years,294,All causes,3,Rate,1992,406.189749,441.6406219,378.5378592
1,Deaths,196,South Africa,3,Both,24,15-49 years,294,All causes,3,Rate,1992,534.9478112,562.8814799,512.9254993
1,Deaths,196,South Africa,1,Male,24,15-49 years,294,All causes,3,Rate,1993,648.6212308,687.9911963,615.2235086
1,Deaths,196,South Africa,2,Female,24,15-49 years,294,All causes,3,Rate,1993,359.6794103,402.820425,328.8576092
1,Deaths,196,South Africa,3,Both,24,15-49 years,294,All causes,3,Rate,1993,499.6120654,535.7718233,472.6936874
1,Deaths,196,South Africa,1,Male,24,15-49 years,294,All causes,3,Rate,1994,672.1771701,722.1930405,631.7459118
1,Deaths,196,South Africa,2,Female,24,15-49 years,294,All causes,3,Rate,1994,394.533739,457.0930171,355.1968643
1,Deaths,196,South Africa,3,Both,24,15-49 years,294,All causes,3,Rate,1994,528.9294228,581.9893404,495.5132936
1,Deaths,196,South Africa,1,Male,24,15-49 years,294,All causes,3,Rate,1995,714.1835237,781.1075147,666.0361238
1,Deaths,196,South Africa,2,Female,24,15-49 years,294,All causes,3,Rate,1995,389.3483511,478.0708304,335.7479451
1,Deaths,196,South Africa,3,Both,24,15-49 years,294,All causes,3,Rate,1995,546.4773057,622.2915638,500.9495407
1,Deaths,196,South Africa,1,Male,24,15-49 years,294,All causes,3,Rate,1996,735.2257504,823.3784317,674.9421446
1,Deaths,196,South Africa,2,Female,24,15-49 years,294,All causes,3,Rate,1996,409.88258,528.3214808,335.6421577
1,Deaths,196,South Africa,3,Both,24,15-49 years,294,All causes,3,Rate,1996,567.1981787,668.7964183,504.1079583
1,Deaths,196,South Africa,1,Male,24,15-49 years,294,All causes,3,Rate,1997,835.8372101,960.0193523,758.2737797
1,Deaths,196,South Africa,2,Female,24,15-49 years,294,All causes,3,Rate,1997,519.7918287,679.2689416,417.0816012
1,Deaths,196,South Africa,3,Both,24,15-49 years,294,All causes,3,Rate,1997,672.5085558,811.2669261,583.9559217
1,Deaths,196,South Africa,1,Male,24,15-49 years,294,All causes,3,Rate,1999,980.1883118,1164.670794,866.9597612
1,Deaths,196,South Africa,2,Female,24,15-49 years,294,All causes,3,Rate,1999,733.8872716,963.94774,573.2865804
1,Deaths,196,South Africa,3,Both,24,15-49 years,294,All causes,3,Rate,1999,852.6512042,1054.320648,715.2642842
1,Deaths,196,South Africa,1,Male,24,15-49 years,294,All causes,3,Rate,1998,929.7115836,1081.260266,834.8815339
1,Deaths,196,South Africa,2,Female,24,15-49 years,294,All causes,3,Rate,1998,617.5831811,812.74298,487.1673859
1,Deaths,196,South Africa,3,Both,24,15-49 years,294,All causes,3,Rate,1998,768.2583922,935.9611898,659.3706068
1,Deaths,196,South Africa,1,Male,24,15-49 years,294,All causes,3,Rate,2000,1076.31232,1289.202776,938.8299991
1,Deaths,196,South Africa,2,Female,24,15-49 years,294,All causes,3,Rate,2000,884.219671,1149.274544,691.1247957
1,Deaths,196,South Africa,3,Both,24,15-49 years,294,All causes,3,Rate,2000,976.7534416,1207.91152,815.3445521
1,Deaths,196,South Africa,1,Male,24,15-49 years,294,All causes,3,Rate,2002,1209.535918,1456.504113,1043.42791
1,Deaths,196,South Africa,2,Female,24,15-49 years,294,All causes,3,Rate,2002,1116.000931,1431.050727,873.3134381
1,Deaths,196,South Africa,3,Both,24,15-49 years,294,All causes,3,Rate,2002,1161.114044,1431.041521,956.6742857
1,Deaths,196,South Africa,1,Male,24,15-49 years,294,All causes,3,Rate,2001,1135.323966,1369.263506,977.1527969
1,Deaths,196,South Africa,2,Female,24,15-49 years,294,All causes,3,Rate,2001,989.4860034,1285.459725,764.833426
1,Deaths,196,South Africa,3,Both,24,15-49 years,294,All causes,3,Rate,2001,1059.754698,1319.134621,874.8478358
1,Deaths,196,South Africa,1,Male,24,15-49 years,294,All causes,3,Rate,2003,1280.255439,1548.310214,1102.84757
1,Deaths,196,South Africa,2,Female,24,15-49 years,294,All causes,3,Rate,2003,1231.985474,1544.200473,974.3079327
1,Deaths,196,South Africa,3,Both,24,15-49 years,294,All causes,3,Rate,2003,1255.305772,1532.065549,1032.762731
1,Deaths,196,South Africa,1,Male,24,15-49 years,294,All causes,3,Rate,2004,1312.519283,1579.806211,1135.584028
1,Deaths,196,South Africa,2,Female,24,15-49 years,294,All causes,3,Rate,2004,1311.251335,1631.132404,1050.372888
1,Deaths,196,South Africa,3,Both,24,15-49 years,294,All causes,3,Rate,2004,1311.865283,1594.208099,1098.542033
1,Deaths,196,South Africa,1,Male,24,15-49 years,294,All causes,3,Rate,2005,1323.16037,1591.124411,1140.678982
1,Deaths,196,South Africa,2,Female,24,15-49 years,294,All causes,3,Rate,2005,1340.316016,1643.505058,1077.348031
1,Deaths,196,South Africa,3,Both,24,15-49 years,294,All causes,3,Rate,2005,1331.987159,1598.758256,1117.316974
1,Deaths,196,South Africa,1,Male,24,15-49 years,294,All causes,3,Rate,2006,1318.493277,1573.161106,1150.303945
1,Deaths,196,South Africa,2,Female,24,15-49 years,294,All causes,3,Rate,2006,1337.132896,1624.321469,1101.664038
1,Deaths,196,South Africa,3,Both,24,15-49 years,294,All causes,3,Rate,2006,1328.057814,1574.646212,1133.228631
1,Deaths,196,South Africa,1,Male,24,15-49 years,294,All causes,3,Rate,2007,1267.501506,1500.430575,1117.068172
1,Deaths,196,South Africa,2,Female,24,15-49 years,294,All causes,3,Rate,2007,1261.809722,1518.565571,1054.845774
1,Deaths,196,South Africa,3,Both,24,15-49 years,294,All causes,3,Rate,2007,1264.588851,1484.635834,1093.561527
1,Deaths,196,South Africa,1,Male,24,15-49 years,294,All causes,3,Rate,2008,1208.481935,1429.355874,1068.831904
1,Deaths,196,South Africa,2,Female,24,15-49 years,294,All causes,3,Rate,2008,1175.056264,1406.76638,1012.14366
1,Deaths,196,South Africa,3,Both,24,15-49 years,294,All causes,3,Rate,2008,1191.423438,1396.979193,1053.920997
1,Deaths,196,South Africa,1,Male,24,15-49 years,294,All causes,3,Rate,2009,1132.112126,1331.44936,1017.753616
1,Deaths,196,South Africa,2,Female,24,15-49 years,294,All causes,3,Rate,2009,1074.489423,1286.506952,935.8109547
1,Deaths,196,South Africa,3,Both,24,15-49 years,294,All causes,3,Rate,2009,1102.784693,1285.26312,996.1947657
1,Deaths,196,South Africa,1,Male,24,15-49 years,294,All causes,3,Rate,2010,1044.33239,1236.095529,935.1810311
1,Deaths,196,South Africa,2,Female,24,15-49 years,294,All causes,3,Rate,2010,975.6124377,1185.624302,848.0946162
1,Deaths,196,South Africa,3,Both,24,15-49 years,294,All causes,3,Rate,2010,1009.453513,1183.943424,916.4895132
1,Deaths,196,South Africa,1,Male,24,15-49 years,294,All causes,3,Rate,2011,942.8412734,1109.492338,845.0425159
1,Deaths,196,South Africa,2,Female,24,15-49 years,294,All causes,3,Rate,2011,850.9973897,1036.838157,732.8923561
1,Deaths,196,South Africa,3,Both,24,15-49 years,294,All causes,3,Rate,2011,896.3569268,1054.03338,819.6647126
1,Deaths,196,South Africa,1,Male,24,15-49 years,294,All causes,3,Rate,2012,868.8558324,1026.579043,777.0939138
1,Deaths,196,South Africa,2,Female,24,15-49 years,294,All causes,3,Rate,2012,741.3437106,906.0176557,635.0586473
1,Deaths,196,South Africa,3,Both,24,15-49 years,294,All causes,3,Rate,2012,804.4999747,940.2022716,734.5253723
1,Deaths,196,South Africa,1,Male,24,15-49 years,294,All causes,3,Rate,2013,813.4134205,959.6799781,728.5790264
1,Deaths,196,South Africa,2,Female,24,15-49 years,294,All causes,3,Rate,2013,667.2068823,831.130321,567.3214944
1,Deaths,196,South Africa,3,Both,24,15-49 years,294,All causes,3,Rate,2013,739.8233143,874.2461976,673.3777386
1,Deaths,196,South Africa,1,Male,24,15-49 years,294,All causes,3,Rate,2014,782.3135656,927.8513314,699.9761103
1,Deaths,196,South Africa,2,Female,24,15-49 years,294,All causes,3,Rate,2014,631.3225527,798.1910639,535.4803567
1,Deaths,196,South Africa,3,Both,24,15-49 years,294,All causes,3,Rate,2014,706.5154754,843.9721409,639.0614098
1,Deaths,196,South Africa,1,Male,24,15-49 years,294,All causes,3,Rate,2015,768.8151428,927.9763547,684.4928378
1,Deaths,196,South Africa,2,Female,24,15-49 years,294,All causes,3,Rate,2015,609.0866671,780.1146895,507.3269987
1,Deaths,196,South Africa,3,Both,24,15-49 years,294,All causes,3,Rate,2015,688.8305658,829.3608688,619.225271
1,Deaths,196,South Africa,1,Male,24,15-49 years,294,All causes,3,Rate,2017,759.239628,918.575874,667.2313053
1,Deaths,196,South Africa,2,Female,24,15-49 years,294,All causes,3,Rate,2017,572.0758396,726.0676824,481.161404
1,Deaths,196,South Africa,3,Both,24,15-49 years,294,All causes,3,Rate,2017,665.9094145,796.0821837,598.4510586
1,Deaths,196,South Africa,1,Male,24,15-49 years,294,All causes,3,Rate,2016,762.3490587,932.4172054,669.8243547
1,Deaths,196,South Africa,2,Female,24,15-49 years,294,All causes,3,Rate,2016,596.7286411,775.4174031,492.863523
1,Deaths,196,South Africa,3,Both,24,15-49 years,294,All causes,3,Rate,2016,679.6017759,823.1532854,605.2820427
1,Deaths,196,South Africa,1,Male,24,15-49 years,294,All causes,3,Rate,2018,738.4727332,868.6878721,659.7502873
1,Deaths,196,South Africa,2,Female,24,15-49 years,294,All causes,3,Rate,2018,537.6136485,651.2587566,467.2451139
1,Deaths,196,South Africa,3,Both,24,15-49 years,294,All causes,3,Rate,2018,638.4732045,736.6377413,583.6690447
1,Deaths,196,South Africa,1,Male,24,15-49 years,294,All causes,3,Rate,2019,722.365145,829.6393547,651.2209761
1,Deaths,196,South Africa,2,Female,24,15-49 years,294,All causes,3,Rate,2019,519.6653878,618.0264933,453.5022792
1,Deaths,196,South Africa,3,Both,24,15-49 years,294,All causes,3,Rate,2019,621.5835593,705.6091886,570.7706561
